{
  "resize": {
    "mean_wall_time_sec": 0.027825463300105185,
    "p95_wall_time_sec": 0.03315196007024497,
    "mean_server_memory_mib": 42.4914375,
    "peak_server_memory_mib": 44.1015625
  },
  "grayscale": {
    "mean_wall_time_sec": 0.03301851880224422,
    "p95_wall_time_sec": 0.040241049998439846,
    "mean_server_memory_mib": 43.10992578125,
    "peak_server_memory_mib": 44.27734375
  },
  "objectdetect": {
    "mean_wall_time_sec": 1.0300454616062342,
    "p95_wall_time_sec": 1.0853759253397584,
    "mean_server_memory_mib": 479.50796875,
    "peak_server_memory_mib": 529.83984375
  },
  "cut": {
    "mean_wall_time_sec": 0.025345930399838835,
    "p95_wall_time_sec": 0.0292595301521942,
    "mean_server_memory_mib": 42.2949140625,
    "peak_server_memory_mib": 43.29296875
  },
  "objectdetect2": {
    "mean_wall_time_sec": 1.0140745404935443,
    "p95_wall_time_sec": 1.0529328902019188,
    "mean_server_memory_mib": 479.69033984375,
    "peak_server_memory_mib": 529.828125
  },
  "tag": {
    "mean_wall_time_sec": 0.029394517704378814,
    "p95_wall_time_sec": 0.03326838014181703,
    "mean_server_memory_mib": 43.37745703125,
    "peak_server_memory_mib": 44.26171875
  }
}
